# accountAddr,discordID,scholarShare,payoutAddress
0xaa7fd3200eba605e3df12c9c1cc2bec155c69e1b,390473305737527309,0.65,0x5d8c545a323000e2173a645a31cc28ec5cbffcfc
0x5d8c545a323000e2173a645a31cc28ec5cbffcfc,247516165612503040,0.75,0x5d8c545a323000e2173a645a31cc28ec5cbffcfc
0x5d8c545a323000e2173a645a31cc28ec5cbffcfc,302264833464860682,0.65,0x5d8c545a323000e2173a645a31cc28ec5cbffcfc
0x4b59a17ad7d27bc994e74e5251d67cadb83f08bd,778613088202653716,0.65,0x4b59a17ad7d27bc994e74e5251d67cadb83f08bd
0xedf4fcbffdc15e02381d3a1ee4cc85fc8265c745,782169066722295859,0.65,0xedf4fcbffdc15e02381d3a1ee4cc85fc8265c745
0x5d8c545a323000e2173a645a31cc28ec5cbffcfc,807383493902073878,0.65,0x5d8c545a323000e2173a645a31cc28ec5cbffcfc
0x5d8c545a323000e2173a645a31cc28ec5cbffcfc,776185251037970453,0.65,0x5d8c545a323000e2173a645a31cc28ec5cbffcfc
0x5d8c545a323000e2173a645a31cc28ec5cbffcfc,776183043579707443,0.65,0x5d8c545a323000e2173a645a31cc28ec5cbffcfc
0x5d8c545a323000e2173a645a31cc28ec5cbffcfc,818927824109830154,0.65,0x5d8c545a323000e2173a645a31cc28ec5cbffcfc
0x9dd0641184fca3b37db0647362546b64c980f93e,808554363693039636,0.65,0x9dd0641184fca3b37db0647362546b64c980f93e
0x18d40d94e6c71f49da9999a2bb09d7769a5655c3,782162912844054538,0.65,0x18d40d94e6c71f49da9999a2bb09d7769a5655c3
0x1c854336914b3ed6235abdcc531ed27194f146bc,875169377668964442,0.65,0x1c854336914b3ed6235abdcc531ed27194f146bc
0x1c7591070a21cc1e107d5cefa85c247aa7e811d2,722630737790107660,0.65,0x1c7591070a21cc1e107d5cefa85c247aa7e811d2
0x7fbee6d73d11b67411d33dbc2e14a8c1cdf67999,326821441356038185,0.65,0x7fbee6d73d11b67411d33dbc2e14a8c1cdf67999
0x744974ebb331d7ead1cc05a020bcce5f81b325a3,868591417553985617,0.65,0x744974ebb331d7ead1cc05a020bcce5f81b325a3
0xd7501779f078694645e2574ce8f09d1d0131e73b,403061776943546368,0.65,0xd7501779f078694645e2574ce8f09d1d0131e73b
0x44531a58c4fb5505448f1de76bf2021a63ef6980,850325869737541633,0.65,0x44531a58c4fb5505448f1de76bf2021a63ef6980
0xc4d7df8757f55bc638a17480829e2fbd0e283ae3,661244245763424292,0.65,0xc4d7df8757f55bc638a17480829e2fbd0e283ae3
0x2007b5f1bffb9dee89735e8824b3e30c85f81fd8,760615093871706113,0.65,0x2007b5f1bffb9dee89735e8824b3e30c85f81fd8
0x7c6469a4faf6acb854586f65c01f1f492a7c1267,823749904660168715,0.65,0x7c6469a4faf6acb854586f65c01f1f492a7c1267
0x61f445ed01e929cf7ef5a2427e6e0fffea8a03c2,792109114666778655,0.65,0x61f445ed01e929cf7ef5a2427e6e0fffea8a03c2
0x55caeef4de3810bcf4b71f418d22cdc72ca7e6e5,806994214146539561,0.65,0x55caeef4de3810bcf4b71f418d22cdc72ca7e6e5
0xa9beb244962eb0c27febc5ca7eb54905b92352d7,824323870629822515,0.65,0xa9beb244962eb0c27febc5ca7eb54905b92352d7
0xfc2f046b067de161d3556a248863a627c1f5a88b,822992608015024159,0.65,0xfc2f046b067de161d3556a248863a627c1f5a88b
0x9777bcd57d0ea37037a6ebb881f6e7e349a00d92,807566857740877834,0.65,0x9777bcd57d0ea37037a6ebb881f6e7e349a00d92
0x77d21fbe9767fe3c3a1cfb8eb5bee2f5fa162c7e,780959089462607892,0.7,0x77d21fbe9767fe3c3a1cfb8eb5bee2f5fa162c7e
0x0500259da2102b2d63a5040f7b5d685939fbdab2,466131675487928320,0.65,0x0500259da2102b2d63a5040f7b5d685939fbdab2
0x69832bbe54442fe43dfa96feb746c5ec8d67ea9a,178773052497199104,0.65,0x69832bbe54442fe43dfa96feb746c5ec8d67ea9a
0x46557f1e284c85621c483983af460d69a8e647b9,640524124761882654,0.65,0x46557f1e284c85621c483983af460d69a8e647b9
0x96bde9b09eb2a41774934fe04f75b3987d9986b2,846029411706732544,0.65,0x96bde9b09eb2a41774934fe04f75b3987d9986b2
0x0425bccbd2c34b18558a6df51af4c0e9ad03c516,758817995299487795,0.75,0x0425bccbd2c34b18558a6df51af4c0e9ad03c516
0x5f6f875463ff986491bb5d9cdcd7876159037757,480190080447938566,0.65,0x5f6f875463ff986491bb5d9cdcd7876159037757
0x1bca798da4a660fa5320046dc78bcbb9800593d1,820520000708018186,0.65,0x1bca798da4a660fa5320046dc78bcbb9800593d1
0x0a5d9d7c21ea1e91b447b0859f94e29ddfc1976b,267078370943172610,0.75,0x0a5d9d7c21ea1e91b447b0859f94e29ddfc1976b
0x1fd949d5b516a30f20fc219c0aa93466c31d2e96,864058550783311874,0.65,0x1fd949d5b516a30f20fc219c0aa93466c31d2e96
0xa603ab16c43d6c3864f1d72743e3fd8307e667da,771786538991878164,0.65,0xa603ab16c43d6c3864f1d72743e3fd8307e667da
0x1a5becec1ef39da7bd0e38c7dd04c90d80658957,729657501997465600,0.65,0x1a5becec1ef39da7bd0e38c7dd04c90d80658957
0xbd161fb7970fd8a107246ba36a1febca12a4e24e,473712520591441922,0.65,0xbd161fb7970fd8a107246ba36a1febca12a4e24e
0x711c3f3ddd3786a21b772a9452f9bba137bbbb55,841822930803228703,0.65,0x711c3f3ddd3786a21b772a9452f9bba137bbbb55
0xa028fe9e4f2fcea7bd60fcf316ba4b62d92f7898,820751582425382932,0.65,0xa028fe9e4f2fcea7bd60fcf316ba4b62d92f7898
0x936f1d5404b0b3a011f723a08d6c3df76ea7602f,692571214648180737,0.65,0x936f1d5404b0b3a011f723a08d6c3df76ea7602f
0x427524c5436d833ee68af371db3d9e96bcd39659,820458490199932939,0.65,0x427524c5436d833ee68af371db3d9e96bcd39659
0x2eb14023decc9fe1fbf6701755b73f8ff2290558,748467006101127168,0.65,0x2eb14023decc9fe1fbf6701755b73f8ff2290558
0x6de3464b6407459bf535806d74b22a0c6163e3ca,776112224526794773,0.65,0x6de3464b6407459bf535806d74b22a0c6163e3ca
0x7ecf98041ae0d9e2ede803c4db9075dc1b9c2cfa,603618347480776704,0.65,0x7ecf98041ae0d9e2ede803c4db9075dc1b9c2cfa
0x94b3f7871693b3675ba807edd43f6471902098c7,437059733262696458,0.8,0x94b3f7871693b3675ba807edd43f6471902098c7
0x246a884903efd34455f4deeb6b55b227e516032b,771172988090974229,0.65,0x246a884903efd34455f4deeb6b55b227e516032b
0x9caa9775c53cd2b55a88d77fcb1c24a4faeb2475,306569153546813450,0.65,0x9caa9775c53cd2b55a88d77fcb1c24a4faeb2475
0xd7646a64d609b43de4edbfaf3d9391d92f4e687f,320095532078989313,0.75,0xd7646a64d609b43de4edbfaf3d9391d92f4e687f
0xf5f34b19d7461786ecbf83770c365215156dac40,842555484309291028,0.65,0xf5f34b19d7461786ecbf83770c365215156dac40
0x8bc072c891826d0ce452be58fa59d4b1bc585b09,747277827451256852,0.65,0x8bc072c891826d0ce452be58fa59d4b1bc585b09
0xf58b5eb7c00cbe27b7abda07f90468ae080f28a6,856238450583535666,0.65,0xf58b5eb7c00cbe27b7abda07f90468ae080f28a6
0xc140dc8fd4ca5f3894f121de3b590468811a2ff1,824034961727553546,0.65,0xc140dc8fd4ca5f3894f121de3b590468811a2ff1
0xcf4de72b31b076166129f4b19c269cdf78b67f4e,678852999816282112,0.65,0xcf4de72b31b076166129f4b19c269cdf78b67f4e
0xebc550f3f049eb329c1eb953ca94fd6baf9be084,857242684497068073,0.65,0xebc550f3f049eb329c1eb953ca94fd6baf9be084
0x8786d5567b0d79b4b7f1d5098037638b1571b0ef,427242293628502017,0.7,0x8786d5567b0d79b4b7f1d5098037638b1571b0ef
0xec7d6c6eeb20a37f8f1b7bba6393b08761cc6659,898866441288302634,0.65,0xec7d6c6eeb20a37f8f1b7bba6393b08761cc6659
0x434e77184f30f7a70826d8a4d41cddec7416e9f0,868844642731442206,0.65,0x434e77184f30f7a70826d8a4d41cddec7416e9f0
0x9a79ea0e432a7baae6d12afab44edcc34f409069,641316919764320266,0.7,0x9a79ea0e432a7baae6d12afab44edcc34f409069
0xaa1b4e26785a898d4aae4f1a244ebebec52b878c,520306086885195776,0.65,0xaa1b4e26785a898d4aae4f1a244ebebec52b878c
0x4ef2b715d1efad31369292450cdf9bca51998910,752255729968218142,0.65,0x4ef2b715d1efad31369292450cdf9bca51998910
0x39bb0d1ffc87bb0d71706843a79097902317a37c,779175277598736386,0.8,0x39bb0d1ffc87bb0d71706843a79097902317a37c
0x30be17c00eb904ed61ade50387d9e631b47600ea,504384296363098127,0.65,0x30be17c00eb904ed61ade50387d9e631b47600ea
0x396268ba7544589096a65c1e80d8be8338adc02d,850933658302808094,0.65,0x396268ba7544589096a65c1e80d8be8338adc02d
0xde9e6de76762f77dce44280c1e9c503f711d868e,855023133677191169,0.65,0xde9e6de76762f77dce44280c1e9c503f711d868e
0x39375e82ceef02eefc7e10697fd9977ad332b468,905249634375573554,0.65,0x39375e82ceef02eefc7e10697fd9977ad332b468
0x01325eeca96595be124f535226d0d73680225604,871969016095338546,0.65,0x01325eeca96595be124f535226d0d73680225604
0x9f88ce84b0cd79063a70ea5a0d5be4e4c8f55a41,782186514250858517,0.65,0x9f88ce84b0cd79063a70ea5a0d5be4e4c8f55a41
0x3760d37cc71d8c40c3a60ffbd5401f8a603f8e48,324014171324809219,0.65,0x3760d37cc71d8c40c3a60ffbd5401f8a603f8e48
0x9d2ca3f3b2b895880387ad5982a043baeb3a6190,689562988998557707,1,0x9d2ca3f3b2b895880387ad5982a043baeb3a6190
0x1eb8dd425b175192e9dcc9a3b28bff34872b6323,837128456227258388,0.65,0x1eb8dd425b175192e9dcc9a3b28bff34872b6323
0xe951f9dabdd935039e0afdec2d9e31f974272ea7,829067496845344770,0.65,0xe951f9dabdd935039e0afdec2d9e31f974272ea7
0xbc9a745878642bfd1d0928e1f9677f6d5af3e6d2,807045001280094208,0.65,0xbc9a745878642bfd1d0928e1f9677f6d5af3e6d2
0xa6ea01fdf86391cd7bcfc1906f04221f57cc0267,857421241237372978,0.65,0xa6ea01fdf86391cd7bcfc1906f04221f57cc0267
0x9551a47b791c425c21f585c79eed4da79c94b02f,853599162837499904,0.65,0x9551a47b791c425c21f585c79eed4da79c94b02f
0x4a1a06abc8b06b385703c4316869fac629bdf55a,805627528764194857,0.65,0x4a1a06abc8b06b385703c4316869fac629bdf55a
0xb5cfd8d76429b8d0b2d10e09ecb72f58f0c566a8,805986320005595177,0.65,0xb5cfd8d76429b8d0b2d10e09ecb72f58f0c566a8
0x2550c5b11aaa075b9e59c0268d8f88cd26c1cf18,510235202321252372,0.65,0x2550c5b11aaa075b9e59c0268d8f88cd26c1cf18
0x37664659be1d48a2ca3f7aa6b8f84c3c94634c79,780904193077674054,0.65,0x37664659be1d48a2ca3f7aa6b8f84c3c94634c79
0x7b8aa9814556167fdfeda52908cf34f760b840de,864203541530673174,0.65,0x7b8aa9814556167fdfeda52908cf34f760b840de
0x1584f91f851086a4e2e68d0fbd7c128f3676c3a6,823287630091124786,0.65,0x1584f91f851086a4e2e68d0fbd7c128f3676c3a6
0x360d67a10d1748eb0ee5bef0f729b1448cda253e,755307159545184357,0.65,0x360d67a10d1748eb0ee5bef0f729b1448cda253e
0x3954fe75ba65d480d312edca64a0e5e4493a0ae5,263070875660713984,0.65,0x3954fe75ba65d480d312edca64a0e5e4493a0ae5
0xf5c981083dbc6d261e54524b31ed99e0ae44ab6d,749166920758067242,0.65,0xf5c981083dbc6d261e54524b31ed99e0ae44ab6d
0xf2793b0456fa37009a147df705e9e651bdbe40b2,812554123982536736,0.65,0xf2793b0456fa37009a147df705e9e651bdbe40b2
0x0d6990025680a1977e2614f22a82ac74a51cd7ea,795903549044162571,0.65,0x0d6990025680a1977e2614f22a82ac74a51cd7ea
0xc25bccc80d94d2f102f4014098fbb138e7f42cd4,852533735105626142,0.65,0xc25bccc80d94d2f102f4014098fbb138e7f42cd4
0xcdb280ac5618862e014f53259975732150a8418d,854101528654905384,0.65,0xcdb280ac5618862e014f53259975732150a8418d
0x04925c6f5f5418e5968e11fd9951d7680550c6ab,637138024437907456,0.65,0x04925c6f5f5418e5968e11fd9951d7680550c6ab
0x1703579f2204d26468419012a5b7d3ec30205c74,795686968402509835,0.65,0x1703579f2204d26468419012a5b7d3ec30205c74
0x87830b817490c0ccd218f21bb8fad223e9cbd405,855822009392562206,0.65,0x87830b817490c0ccd218f21bb8fad223e9cbd405
0xc8e62e3290b5aba0c57687a602771238fb5bae81,333000932424024065,0.65,0xc8e62e3290b5aba0c57687a602771238fb5bae81
0x51f02eb1e54917bf3eb63903289535ba80097b1c,805198497376370688,0.65,0x51f02eb1e54917bf3eb63903289535ba80097b1c
0x917030b375b23bf56d4cdf036639c55db1c4827a,818683049964994571,0.65,0x917030b375b23bf56d4cdf036639c55db1c4827a
0x93bd178dc0d5c9cef647cebeaeba7fb16e6e37a8,811299869116465152,0.65,0x93bd178dc0d5c9cef647cebeaeba7fb16e6e37a8
0x766ecc10af6e81e21dd6bdd2c148174d3d58b9f5,818877037073793044,0.65,0x766ecc10af6e81e21dd6bdd2c148174d3d58b9f5
0x68f82f6d4e0c2df754305a73dd6778f138731646,776994364311470100,0.65,0x68f82f6d4e0c2df754305a73dd6778f138731646
0x57d7e3546fe3c22d26401602e9fce1527bfa29f7,367745105559420929,0.65,0x57d7e3546fe3c22d26401602e9fce1527bfa29f7
0x13745419e004a1341e5a229b7d550372a0e52526,820780599655923722,0.65,0x13745419e004a1341e5a229b7d550372a0e52526
0x91f304b7b502f7061d703c0085645c7059ca0b5e,383048635840987157,0.65,0x91f304b7b502f7061d703c0085645c7059ca0b5e
0x1246dabdbb5fa626cd5ffd9ae4e68dd04f713385,820489311170461736,0.65,0x1246dabdbb5fa626cd5ffd9ae4e68dd04f713385
0xd2bd2fe59a45a4801d10102f6a80ed8d118307ea,384160798173298692,0.65,0xd2bd2fe59a45a4801d10102f6a80ed8d118307ea
0xc140dc8fd4ca5f3894f121de3b590468811a2ff1,735940863192072284,0.65,0xc140dc8fd4ca5f3894f121de3b590468811a2ff1
0x5d8c545a323000e2173a645a31cc28ec5cbffcfc,818912001840513114,0.65,0x5d8c545a323000e2173a645a31cc28ec5cbffcfc
0x6b45b37c412cb8f32b65d4813dbccb1c4904a0f4,904104102240329748,0.65,0x6b45b37c412cb8f32b65d4813dbccb1c4904a0f4
0x0873b4bd6eee6b23d1bfc05654a2785f924356a3,366529960913141761,0.65,0x0873b4bd6eee6b23d1bfc05654a2785f924356a3
0x4b5f3d9832ada6063f8c96f06e984554009dec38,811268811604754452,0.65,0x4b5f3d9832ada6063f8c96f06e984554009dec38
0x1584f91f851086a4e2e68d0fbd7c128f3676c3a6,331672356848271361,0.65,0x1584f91f851086a4e2e68d0fbd7c128f3676c3a6
0x8786d5567b0d79b4b7f1d5098037638b1571b0ef,804491321930678312,0.65,0x8786d5567b0d79b4b7f1d5098037638b1571b0ef
0x875fa0b277cd295a06dd104fdc55d73cf4e0a088,246776396922355713,0.65,0x875fa0b277cd295a06dd104fdc55d73cf4e0a088
0x9551a47b791c425c21f585c79eed4da79c94b02f,815911358074978334,0.65,0x9551a47b791c425c21f585c79eed4da79c94b02f
0x4b9f7798af77c04abec37928b6c810a184912f4b,809584330887528448,0.65,0x4b9f7798af77c04abec37928b6c810a184912f4b
0x5f1afa56307d1eb655e0907299c01f399885b9ee,737736952866144276,0.65,0x5f1afa56307d1eb655e0907299c01f399885b9ee
0xfaae29954238f06cdea0ddd03722021c9a4e7a04,871178643076939786,0.65,0xfaae29954238f06cdea0ddd03722021c9a4e7a04
0x424617c485666a3d40e4021f96ae41ecf0693eb5,790390750369153084,0.65,0x424617c485666a3d40e4021f96ae41ecf0693eb5
0x0443892f17a81c279ee960b981cd8de27845836c,861712217144557619,0.65,0x0443892f17a81c279ee960b981cd8de27845836c
0x0b070cc9b0c2983fe92f878a301eb4d4c1c177e1,823749450777755699,0.65,0x0b070cc9b0c2983fe92f878a301eb4d4c1c177e1
0x5d8c545a323000e2173a645a31cc28ec5cbffcfc,798312702782210059,0.65,0x5d8c545a323000e2173a645a31cc28ec5cbffcfc
0x126194414e8c6daa1d37d668e5dc821a98a50015,820638813483171851,0.65,0x126194414e8c6daa1d37d668e5dc821a98a50015
0x33b39fd65deaefbee892df20e161697e1dd09a70,488834999349542926,0.65,0x33b39fd65deaefbee892df20e161697e1dd09a70
0x76d5b95881bc52ce6a1dbf26dc0fada7d2e54088,784232551313047582,0.65,0x76d5b95881bc52ce6a1dbf26dc0fada7d2e54088
0x89cbf776873748660cabf742691639be612d2550,850038238420140102,0.65,0x89cbf776873748660cabf742691639be612d2550
0x04569207d1284dee9fbbac0cc88e33cca30f498c,471511513832751104,0.65,0x04569207d1284dee9fbbac0cc88e33cca30f498c
0x776fe2c4ecd55f14e5dc5340a8ba3251dabe0623,722657311570526299,0.65,0x776fe2c4ecd55f14e5dc5340a8ba3251dabe0623
0x9a79ea0e432a7baae6d12afab44edcc34f409069,819020566513975306,0.65,0x9a79ea0e432a7baae6d12afab44edcc34f409069
0x99a13a5bcb9d8faab8f023c33842ef36864ce083,821276670639603733,0.65,0x99a13a5bcb9d8faab8f023c33842ef36864ce083
0x94cc4f760e7d95b827f67c91af4c8d6d3b86f4c8,378224660363477003,0.65,0x94cc4f760e7d95b827f67c91af4c8d6d3b86f4c8
0x0968760c0a4522be56137ceedb242394bc5f250a,272996139777785857,0.65,0x0968760c0a4522be56137ceedb242394bc5f250a
0xd0459c237c12f0174c82c8c4e8eccbfce793bdc1,821076065068777532,0.65,0xd0459c237c12f0174c82c8c4e8eccbfce793bdc1
0xce6152907590a67ed4a3afabaf486858b54836ce,706394154514776085,0.65,0xce6152907590a67ed4a3afabaf486858b54836ce
0x01593ab66501e09095c6e4c9680185386aa47c8a,428326865682432001,0.65,0x01593ab66501e09095c6e4c9680185386aa47c8a
0xa315ef387b6e8ee18d7a0b707ea1c9165b595f31,807636855054794772,0.65,0xa315ef387b6e8ee18d7a0b707ea1c9165b595f31
0xe0cea2ffd32c4df5f9a47e03118925858b97a015,721961255337853003,0.65,0xe0cea2ffd32c4df5f9a47e03118925858b97a015
0x52ef84ae290b06efe8461ff05b0ab5b03c97a992,754054330927284377,0.65,0x52ef84ae290b06efe8461ff05b0ab5b03c97a992
0x5d8c545a323000e2173a645a31cc28ec5cbffcfc,786388086576906291,0.65,0x5d8c545a323000e2173a645a31cc28ec5cbffcfc
0xed504f93ca5106a7cc272fa7c0fda3193d9ea65e,715962557659349024,0.65,0xed504f93ca5106a7cc272fa7c0fda3193d9ea65e
0xb3eccfb9380e0eb904ce3ae707082adc85bffe50,737337632018923580,0.65,0xb3eccfb9380e0eb904ce3ae707082adc85bffe50
0x4bd290063525372abbb150d734c8f39cf06d3e0e,843346287491153931,0.65,0x4bd290063525372abbb150d734c8f39cf06d3e0e
0x2c70e78f6143dcbfb64186d76b8353e237611524,887195606030893056,0.65,0x2c70e78f6143dcbfb64186d76b8353e237611524
0x9719fcba8481efc47e19f58e2f63e13e98338f29,850195520487686195,0.65,0x9719fcba8481efc47e19f58e2f63e13e98338f29
0x87e1af64e3a9821f8a04ef48f6230f3ef4a9e766,464161260334874625,0.65,0x87e1af64e3a9821f8a04ef48f6230f3ef4a9e766
0x8013affa9323f9557c5f847d86cc7a5a4c346503,856877440302055444,0.65,0x8013affa9323f9557c5f847d86cc7a5a4c346503
0xc25bccc80d94d2f102f4014098fbb138e7f42cd4,848571156364918784,0.65,0xc25bccc80d94d2f102f4014098fbb138e7f42cd4
0xd68844239b2f6a4eb1b9162432be8aa3531f40de,490314263114809364,0.65,0xd68844239b2f6a4eb1b9162432be8aa3531f40de
0xb6dfca5a934dcf59fb21190b5749e0a2d352b385,844758094273445938,0.65,0xb6dfca5a934dcf59fb21190b5749e0a2d352b385
0xa7e7d28c568a680d985cc019dcbd46015618c2f7,849180633423151144,0.65,0xa7e7d28c568a680d985cc019dcbd46015618c2f7
0x30cbcfea1391756bf493ccd26154d14535f17073,847471582417911848,0.65,0x30cbcfea1391756bf493ccd26154d14535f17073
0x2f208ebe50ff89b2ccfc94365ae3eb69c5408c94,844222049638416424,0.65,0x2f208ebe50ff89b2ccfc94365ae3eb69c5408c94
0x2f76d8aa070576dd7ef1c1d119d148962cd00b86,840350159891071016,0.65,0x2f76d8aa070576dd7ef1c1d119d148962cd00b86
0xcea055abcb3029ae03ebe3ba0a6f6b7ebdf61fc4,771828034587852820,0.65,0xcea055abcb3029ae03ebe3ba0a6f6b7ebdf61fc4
0xddf1192f92cd458ea7c2031820db189b332c9657,848732453984403456,0.65,0xddf1192f92cd458ea7c2031820db189b332c9657
0xd6002a307f08a34f0ca1174c79cbfbfe8eaf3c4f,854233344186253373,0.65,0xd6002a307f08a34f0ca1174c79cbfbfe8eaf3c4f
0x042677b848b44a4f8d3b6856bf53d50d046e45be,824305489524555800,0.65,0x042677b848b44a4f8d3b6856bf53d50d046e45be
0x7efb6985946630b7b09c494b32c4fb3721e5e591,838069130854662184,0.65,0x7efb6985946630b7b09c494b32c4fb3721e5e591
0x503ecf61640a5875baabae5d8191f7253efd8835,633195200562593823,0.65,0x503ecf61640a5875baabae5d8191f7253efd8835
0x210de141edcbb590894afc00c079dd9052377f5f,857395059502350346,0.65,0x210de141edcbb590894afc00c079dd9052377f5f
0x40c6926953cb627147c712a23312180d5b0cb965,849202395825307679,0.65,0x40c6926953cb627147c712a23312180d5b0cb965
0x8501feea3078c79fd563d66d21096a1e8681d2b3,851801871915024426,0.65,0x8501feea3078c79fd563d66d21096a1e8681d2b3
0x08bf1f9a7c07c8cec4f19a18206f137ac1cb6f7d,795493681180311573,0.65,0x08bf1f9a7c07c8cec4f19a18206f137ac1cb6f7d
0x5fe362fb0682743b23ef42441524e234d423820b,548495142269485056,0.65,0x5fe362fb0682743b23ef42441524e234d423820b
0x40c3adad45b2e0c6818c224f262b363b73333bd5,763212760225021973,0.65,0x40c3adad45b2e0c6818c224f262b363b73333bd5
0x347c833cbfcf1fb2013385c62ccec25ec59bdfb5,850535154799607849,0.65,0x347c833cbfcf1fb2013385c62ccec25ec59bdfb5
0x006d1bbb4d5fc21b7091b05c05475d09d5d36907,484400351215091722,0.65,0x006d1bbb4d5fc21b7091b05c05475d09d5d36907
0x4d684a1688e4c3dcd8bb35dd12a147270f69698b,405713049346113537,0.65,0x4d684a1688e4c3dcd8bb35dd12a147270f69698b
0x9db637c708a1d26b7b7a20dc5738bdd9e450bd8d,865914614234480670,0.65,0x9db637c708a1d26b7b7a20dc5738bdd9e450bd8d
0xc5c21198a2b83fa50cd4410db57c2632924660b7,865391995140440094,0.65,0xc5c21198a2b83fa50cd4410db57c2632924660b7
0x01a34a88daea4fb5acfd458fe7fa5bbe58f75e84,879876707132272661,0.65,0x01a34a88daea4fb5acfd458fe7fa5bbe58f75e84
0xec55deda88952341028aa17f99c4dcc23667cf6b,852886349328810005,0.65,0xec55deda88952341028aa17f99c4dcc23667cf6b
0x0c36f54b474913f9b54f77621a55c56e4f5bc33f,855101600238141513,0.65,0x0c36f54b474913f9b54f77621a55c56e4f5bc33f
0x3023430d591c9dad9dabed2fc1638374b2f5065c,868641065425571871,0.65,0x3023430d591c9dad9dabed2fc1638374b2f5065c
0xfcb2e625ac1b50c0930a4086873b6ac9d705ca30,751269994419060736,0.65,0xfcb2e625ac1b50c0930a4086873b6ac9d705ca30
0x6797ddc82e89ebb232cb3751a1694c7c79e9c4cc,743857040425746442,0.65,0x6797ddc82e89ebb232cb3751a1694c7c79e9c4cc
0xd0f050bdba327fd8d8aec0a9462b0d77a08a60f9,867859429663571968,0.65,0xd0f050bdba327fd8d8aec0a9462b0d77a08a60f9
0x8638f48ab59f56a92062dd3489a8455659b40665,863113686762651710,0.65,0x8638f48ab59f56a92062dd3489a8455659b40665
0x9265df0205b7a9e8b360b88406a4db1eadbcda7b,752798526924259348,0.65,0x9265df0205b7a9e8b360b88406a4db1eadbcda7b
0x1025abe2f3997b0684028ca3076fd639cbace329,858680981010251796,0.65,0x1025abe2f3997b0684028ca3076fd639cbace329
0x1195ca0eb6de832ef09d441017e5fd907ce3f038,559521023452774455,0.65,0x1195ca0eb6de832ef09d441017e5fd907ce3f038
0x1f928610ca8dabc4b5ef700c5b6729e802aacf65,856347320253022268,0.65,0x1f928610ca8dabc4b5ef700c5b6729e802aacf65
0x6b9b005045aef05b8be42cea389ecfcf03424855,812128654615642152,0.65,0x6b9b005045aef05b8be42cea389ecfcf03424855
0x8346c0409ef67ba031d51dad327a63506256182c,763047586063450143,0.65,0x8346c0409ef67ba031d51dad327a63506256182c
0x6cf6d29177015ef215a594527806c5c7e22b669d,853838052232790016,0.65,0x6cf6d29177015ef215a594527806c5c7e22b669d
0xdc5e15810dfe83618a8bb3b4e4e66cd117a8a077,849438507009310720,0.65,0xdc5e15810dfe83618a8bb3b4e4e66cd117a8a077
0x8bc072c891826d0ce452be58fa59d4b1bc585b09,863934323181617152,0.65,0x8bc072c891826d0ce452be58fa59d4b1bc585b09
0xe107e96492ad01d02b9cceb7c4e26778a7a797ce,863777593496043542,0.65,0xe107e96492ad01d02b9cceb7c4e26778a7a797ce
0xbef1ba1f40b880f195ef559711258430a379ba9a,850791910964068392,0.65,0xbef1ba1f40b880f195ef559711258430a379ba9a
0x5f0c2a58f49ac8cd67dd7dfd80f384761c544803,866858777936265257,0.65,0x5f0c2a58f49ac8cd67dd7dfd80f384761c544803
0x851620d50d09caafbd5ed0ed3355722e019358e6,874227518687821865,0.65,0x851620d50d09caafbd5ed0ed3355722e019358e6
0xe09e46f82603db9045e80adb68ca9a1bc0c6a84d,566157516162072626,0.65,0xe09e46f82603db9045e80adb68ca9a1bc0c6a84d
0x97dd65437abf1cedbdfe9d39a34be4574b873005,692889561470074972,0.65,0x97dd65437abf1cedbdfe9d39a34be4574b873005
0xd0197b1e51a35692aa8ff79e8d31cd38e600558e,851690560614957097,0.65,0xd0197b1e51a35692aa8ff79e8d31cd38e600558e
0x96d646eb429c6b0d27bd3e1034d3a0c09573dade,862461977958547537,0.65,0x96d646eb429c6b0d27bd3e1034d3a0c09573dade
0x0bb6bb0ab9276831aa21e731a234e056aa345af1,452054468268392458,0.65,0x0bb6bb0ab9276831aa21e731a234e056aa345af1
0x14434bb4da8f2ff5d1130952ca8e2120431eed88,874559189123498064,0.65,0x14434bb4da8f2ff5d1130952ca8e2120431eed88
0xb2057964de5ba3357850736f6f925c06c1d21738,505524142330871821,0.65,0xb2057964de5ba3357850736f6f925c06c1d21738
0xfa90cf0fc8c73b3cb256f85de6fa8b36606a9aeb,647450335840829470,0.65,0xfa90cf0fc8c73b3cb256f85de6fa8b36606a9aeb
0x005252df1d050310a5815f912c876562d946f916,879493046335594526,0.65,0x005252df1d050310a5815f912c876562d946f916
0x6cf6d29177015ef215a594527806c5c7e22b669d,871444685359566919,0.65,0x6cf6d29177015ef215a594527806c5c7e22b669d
0xc9b193b41ac1a02d41bdbff082b45795ac506cab,877343047665475665,0.65,0xc9b193b41ac1a02d41bdbff082b45795ac506cab
0xece777dd2dabfa0bf0d746d4828dbe8d399a9c59,698616080289235035,0.65,0xece777dd2dabfa0bf0d746d4828dbe8d399a9c59
0x011f914d15788008e2654df11ff1a55a1c2c30d7,809879240203304990,0.65,0x011f914d15788008e2654df11ff1a55a1c2c30d7
0x5f846575ac339282dacfaa901baba941e0f3124f,754542134757163016,0.65,0x5f846575ac339282dacfaa901baba941e0f3124f
0x4d1f21925b3b348c2d17994182b805183529803e,778999450206339093,0.65,0x4d1f21925b3b348c2d17994182b805183529803e
0x1ebf9cf9f9013106f667cf33ecdd2863fd554a3d,714555984328130602,0.65,0x1ebf9cf9f9013106f667cf33ecdd2863fd554a3d
0x45341ceaf6b413a172365a74b764cc1e6fd75584,714536666391511081,0.65,0x45341ceaf6b413a172365a74b764cc1e6fd75584
0x91b91544823179d009d617197f53d0b60e461e89,210737733554012160,0.65,0x91b91544823179d009d617197f53d0b60e461e89
0x6d1559ffdc8d2963bcc3c2941715dd75bebd4a5d,486752361516105730,0.65,0x6d1559ffdc8d2963bcc3c2941715dd75bebd4a5d
0x677e743b776896e9da6a601c91dcadbdf7077215,818515704382750731,0.65,0x677e743b776896e9da6a601c91dcadbdf7077215
0x5d632096f5f52fd9ae63817f55993a69b200ce8b,478984166449610759,0.65,0x5d632096f5f52fd9ae63817f55993a69b200ce8b
0x81923e60be97ef2725915eabb55034178a089484,851225406111612958,0.65,0x81923e60be97ef2725915eabb55034178a089484
0x65e5e79413d51c9efa50dd78f4f977f2ccee26df,819426881047887942,0.65,0x65e5e79413d51c9efa50dd78f4f977f2ccee26df
0x409a9f8ff72ce53a3fdfdf49660d6db72ef9ad8b,819385046204809227,0.65,0x409a9f8ff72ce53a3fdfdf49660d6db72ef9ad8b
0xe62c958b106df4fc615483337a97b0262d41c8b6,840154034164727809,0.65,0xe62c958b106df4fc615483337a97b0262d41c8b6
0xeab82a797eac4c26fdd3333bf8ea0f3db3ace574,498368871494057985,0.65,0xeab82a797eac4c26fdd3333bf8ea0f3db3ace574
0xc19a2209d221c306c6d8983a01ecf6529145aea4,847275908032757781,0.65,0xc19a2209d221c306c6d8983a01ecf6529145aea4
0x40fb556bc96cef921a665fccef6717bb33955836,752228072735899779,0.65,0x40fb556bc96cef921a665fccef6717bb33955836
0x4c96fbac6f87913ed9a971a190193cf57686df76,382968192408223744,0.65,0x4c96fbac6f87913ed9a971a190193cf57686df76
0x7e12f2a2b464100611f8c7ac1c61c6306d2eee93,839261531078000690,0.65,0x7e12f2a2b464100611f8c7ac1c61c6306d2eee93
0x7da4d67b49ccaed2c26b7eac574030dd1af10e7b,844713552118808587,0.65,0x7da4d67b49ccaed2c26b7eac574030dd1af10e7b
0x0024e0affe93465d6750183603ac4c8fc346303b,304032571568947201,0.65,0x0024e0affe93465d6750183603ac4c8fc346303b
0xfb275d5c645ce7798495e50d26f98bd948a8b4ff,710686792164311090,0.65,0xfb275d5c645ce7798495e50d26f98bd948a8b4ff
0x65d4e16a56c6a11284c90eea5a402fac4c96e3ca,824062685884317698,0.65,0x65d4e16a56c6a11284c90eea5a402fac4c96e3ca
0x08a34f455a746228447126f0f368254d36946fd6,821705934241136671,0.65,0x08a34f455a746228447126f0f368254d36946fd6
0xa1f3b43364763018bc30fb9b01ed5a7decbbfd4b,847085703133003816,0.65,0xa1f3b43364763018bc30fb9b01ed5a7decbbfd4b
0xe4aa585d34bceb18e5afcbb8fd07c80846dd8354,851572194365800458,0.65,0xe4aa585d34bceb18e5afcbb8fd07c80846dd8354
0x45942b2330bbbdb9e00ce9dc044678ea5cdb7d32,761940802568978453,0.65,0x45942b2330bbbdb9e00ce9dc044678ea5cdb7d32
0xc897b1b7b9abc8127df52163a0be965577fe9e60,856378476860801075,0.65,0xc897b1b7b9abc8127df52163a0be965577fe9e60
0x3654df971269c15720075790881c96160c6d817f,838079905547681823,0.65,0x3654df971269c15720075790881c96160c6d817f
0x33d463e20672fb245a6ddf8ed0104fc6f744d2de,864656532657799169,0.65,0x33d463e20672fb245a6ddf8ed0104fc6f744d2de
0x217323df25cf730bb22181eac35381c66235bdfa,874678187152515112,0.65,0x217323df25cf730bb22181eac35381c66235bdfa
0xc5734fe4ac32b5bf9b81af332e6dd200bd2a2590,821212967843659836,0.65,0xc5734fe4ac32b5bf9b81af332e6dd200bd2a2590
0x920c103e2d852df358469647c9babfdd8c102d37,862497558911647775,0.65,0x920c103e2d852df358469647c9babfdd8c102d37
0xb0c2b048df800e733e04d700d86012b0261cfebc,854172796925771797,0.65,0xb0c2b048df800e733e04d700d86012b0261cfebc
0x42fbb19270c91fc70882eef198a038c6046a7d30,875477172729561118,0.65,0x42fbb19270c91fc70882eef198a038c6046a7d30
0x3c6bf169386c8a7a3a5be36fc77f04dc750c5921,872739042062663700,0.65,0x3c6bf169386c8a7a3a5be36fc77f04dc750c5921
0xa5e4dec37136b17d2eac791c05219c9cecefcbd2,829711181778255903,0.65,0xa5e4dec37136b17d2eac791c05219c9cecefcbd2
0xe7f9f009732b76a3f9bd627816667ae5ed163d3d,650745773155418169,0.65,0xe7f9f009732b76a3f9bd627816667ae5ed163d3d
0x3bca0a84d15c417e78f66b6ac1fd641f1d4e38db,856641132318294026,0.65,0x3bca0a84d15c417e78f66b6ac1fd641f1d4e38db
0x014e9905a1585af295845fabf3e6515c5855d410,822429015423975455,0.65,0x014e9905a1585af295845fabf3e6515c5855d410
0xa8139bed61b41da47d094811368d99a8f2724c2b,852009067752718346,0.65,0xa8139bed61b41da47d094811368d99a8f2724c2b
0x38bcf1b7a94c9a9ba5ce699fb7137801b0e43dbf,820059999874711602,0.65,0x38bcf1b7a94c9a9ba5ce699fb7137801b0e43dbf
0x83c79fbbe08125c3c613109feeab8b0ec19b52d4,821000661017165834,0.65,0x83c79fbbe08125c3c613109feeab8b0ec19b52d4
0x2104895a99efc86943e9abbab8ea7b1d74cf0bfe,842545702868746261,0.65,0x2104895a99efc86943e9abbab8ea7b1d74cf0bfe
0x9d2030dad12e402cab605d857d4464d00c76b3b3,606976063528108043,0.65,0x9d2030dad12e402cab605d857d4464d00c76b3b3
0x1505706ea1c97add949c1bb50dec99d643bcca0b,725802040563073071,0.65,0x1505706ea1c97add949c1bb50dec99d643bcca0b
0xa8d8d7520818dce09714e35e0ac83e44cce4cc60,608392781404307466,0.65,0xa8d8d7520818dce09714e35e0ac83e44cce4cc60
0x5f289e53ebffe683551a4356ef32450e7d95e9b7,851625923169746954,0.65,0x5f289e53ebffe683551a4356ef32450e7d95e9b7
0x975d9dd58df38da0ef4e5292c5190521a8010320,852117581899759637,0.65,0x975d9dd58df38da0ef4e5292c5190521a8010320
0x575ea8170274d20787bd3bed6fb93341a78069cd,349358139528708098,0.65,0x575ea8170274d20787bd3bed6fb93341a78069cd
0x764e6d9ab244fae5583931da83fa3d184820826c,291679722323181570,0.65,0x764e6d9ab244fae5583931da83fa3d184820826c
0x3405eb1adad6c15406c97bad94bed5939cc87875,859733376554501106,0.65,0x3405eb1adad6c15406c97bad94bed5939cc87875
0xea25dba3141419cc40ce8cfaba51a83bab609c0e,843309580696027187,0.65,0xea25dba3141419cc40ce8cfaba51a83bab609c0e
0x3180d6feddb652e3d0e6b12832b24dd095a1b6d0,854001524363493377,0.65,0x3180d6feddb652e3d0e6b12832b24dd095a1b6d0
0x56159474aafd7c49ec0a444c0921780193daba4c,863603333524488256,0.65,0x56159474aafd7c49ec0a444c0921780193daba4c
0x42fbb19270c91fc70882eef198a038c6046a7d30,295276512415055872,0.65,0x42fbb19270c91fc70882eef198a038c6046a7d30
0xc6af0f0e0c81dae1037c296b7b6bbe3dc98152f5,851031925069316137,0.65,0xc6af0f0e0c81dae1037c296b7b6bbe3dc98152f5
0x090e96e0d70c3b40b0843a6220f98584bbdadb32,721614297830260847,0.7,0x090e96e0d70c3b40b0843a6220f98584bbdadb32
0x1703579f2204d26468419012a5b7d3ec30205c74,862771477790195722,0.65,0x1703579f2204d26468419012a5b7d3ec30205c74
0x9474bf7142626a02d5b8b1742e4b1adc8aa188d1,841462630555451463,0.65,0x9474bf7142626a02d5b8b1742e4b1adc8aa188d1
0xc65ead089c72bb5d2d4cf8757f0cbd66ccefa76f,859703794245566514,0.7,0xc65ead089c72bb5d2d4cf8757f0cbd66ccefa76f
0xec3016fb0e93e4f1714f8a2e8353a0f3c620bec6,727850779167162418,0.65,0xec3016fb0e93e4f1714f8a2e8353a0f3c620bec6
0x2f8202e7b640d3127a96841d8ef1d650d3573d47,831015203931291660,0.65,0x2f8202e7b640d3127a96841d8ef1d650d3573d47
0x42fbb19270c91fc70882eef198a038c6046a7d30,864698903277076500,0.65,0x42fbb19270c91fc70882eef198a038c6046a7d30
0x9ac424db5f8534040f29f2bb098a4071129ddc2a,869992085523152986,0.65,0x9ac424db5f8534040f29f2bb098a4071129ddc2a
0x567aaa7f82534672d187a4ebf98bb021844cd337,869934295601516614,0.65,0x567aaa7f82534672d187a4ebf98bb021844cd337
0x4dbc546f6794f9d962c4225a36b900011ea6124e,850673253404246047,0.65,0x4dbc546f6794f9d962c4225a36b900011ea6124e
0x11a096fa59e6dfcbcdefa74e03ed4e0a278cbb24,865124621187547167,0.65,0x11a096fa59e6dfcbcdefa74e03ed4e0a278cbb24
0xc7b3d65c3875de587701b14c2f3d99d0cf0ef716,848062342561660938,0.65,0xc7b3d65c3875de587701b14c2f3d99d0cf0ef716
0xfd213827cb32c3d0c7f8757842c3998140acd667,691299060228817018,0.65,0xfd213827cb32c3d0c7f8757842c3998140acd667
0x430542c623ce8900f7e9b16f819335e818a085fe,721729352647311392,0.65,0x430542c623ce8900f7e9b16f819335e818a085fe
0xd6e9460212d70bab604074034bc9c74bb994bdb0,865186602079092757,0.65,0xd6e9460212d70bab604074034bc9c74bb994bdb0
0xb42e75a1874d550e07a3cdc634328e690147d718,824041840604741642,0.65,0xb42e75a1874d550e07a3cdc634328e690147d718
0x76be9ab2ce3b63cdb8c588ef7eb57b26fe78e743,860095208801042453,0.65,0x76be9ab2ce3b63cdb8c588ef7eb57b26fe78e743
0x04796781204f44b452a41eb99949f5dc141ff9b0,269877731129294849,0.65,0x04796781204f44b452a41eb99949f5dc141ff9b0
0x50e7ce86c58b2f01d1d93a29fe9f3e2a09798402,518673620537573387,0.65,0x50e7ce86c58b2f01d1d93a29fe9f3e2a09798402
0x8ca43407652e47aa37e771167500e622b86b62a7,538215799056367626,0.65,0x8ca43407652e47aa37e771167500e622b86b62a7
0x37d197e7fe65fac1670bcdfba5c704f4e9e361c4,863094070415327284,0.65,0x37d197e7fe65fac1670bcdfba5c704f4e9e361c4
0x1afed1e66fa1e288500f3fc3529e89b44771313e,782184870901841961,0.65,0x1afed1e66fa1e288500f3fc3529e89b44771313e
0x30f7860a05a2196de65d99f187b60936a64ff9e4,768337280024576021,0.65,0x30f7860a05a2196de65d99f187b60936a64ff9e4
0x327fa573cc123c3fb308c4f9686ebe9584f3f66c,770710074980958238,0.65,0x327fa573cc123c3fb308c4f9686ebe9584f3f66c
0x532ab36fe249437e63ff6fd517240ca9a078dd82,380334664927150081,0.65,0x532ab36fe249437e63ff6fd517240ca9a078dd82
0x9c50ba21a79fa4c990971277764ebd2b10e002df,782180870463160321,0.65,0x9c50ba21a79fa4c990971277764ebd2b10e002df
0x4662b33351257d75446d509613a5b68cefcd2bee,751255829554004039,0.65,0x4662b33351257d75446d509613a5b68cefcd2bee
0x6de5b3580a3c942345ba8b94d847e55bcc5557a6,400767448963612673,0.65,0x6de5b3580a3c942345ba8b94d847e55bcc5557a6
0xa7148cedfbd655f4263e8e6d1d0b7ca0ff48fe41,820746371706781696,0.65,0xa7148cedfbd655f4263e8e6d1d0b7ca0ff48fe41
0x960c3640ecd1b6758b612f98f97b13a6d1b99e16,744397355671093258,0.65,0x960c3640ecd1b6758b612f98f97b13a6d1b99e16
0x34f9beb0ce6a10c872c8868e225aa1309c9dda87,857633526618521631,0.65,0x34f9beb0ce6a10c872c8868e225aa1309c9dda87
0x144a6bc79d6a8dabe94c6804d242d9771f226e80,845461042909937665,0.65,0x144a6bc79d6a8dabe94c6804d242d9771f226e80
0x35d10dfef8d6d7122d86a0ed7369582fcb85865f,760846266942095361,0.65,0x35d10dfef8d6d7122d86a0ed7369582fcb85865f
0x02265d5ccfc13f7f7a59b1b865087c4221f83b53,831636836680990741,0.65,0x02265d5ccfc13f7f7a59b1b865087c4221f83b53
0x7754b445a4a615212e0ed83f7e32691cadfe8198,516457792631210014,0.65,0x7754b445a4a615212e0ed83f7e32691cadfe8198
0x13fc6a2d087d78825f46c4dd3808caae96aaa66e,676866869617098782,0.65,0x13fc6a2d087d78825f46c4dd3808caae96aaa66e
0x7a3c9637a74437701b0fd1a06926a8483c3a87d4,698793112704778290,0.65,0x7a3c9637a74437701b0fd1a06926a8483c3a87d4
0x0a5d9d7c21ea1e91b447b0859f94e29ddfc1976b,391745811836436491,0.65,0x0a5d9d7c21ea1e91b447b0859f94e29ddfc1976b
0x4031d23db542a21eb12c3a2937b98dc4ada04953,771329530283425813,0.65,0x4031d23db542a21eb12c3a2937b98dc4ada04953
0x9023b8f8b5da0653debae2dd8ce510b65b1dd9ca,181560180255883264,0.65,0x9023b8f8b5da0653debae2dd8ce510b65b1dd9ca
0xcc9e2431ce640e7d129aedd01e88ef9ecfbe6a7a,848907230852939786,0.65,0xcc9e2431ce640e7d129aedd01e88ef9ecfbe6a7a
0xed322757e59c780a47573ca7cc4c78194530a5c2,854417877977399306,0.65,0xed322757e59c780a47573ca7cc4c78194530a5c2
0x1246dabdbb5fa626cd5ffd9ae4e68dd04f713385,844322613156118579,0.65,0x1246dabdbb5fa626cd5ffd9ae4e68dd04f713385
0x1d5857771495671d8671bbe9eec55b6262dbc5a5,723184948919664692,0.65,0x1d5857771495671d8671bbe9eec55b6262dbc5a5
0xe07977d2ab20077cb32c706826e7327f8f9d91ea,896868527372394546,0.65,0xe07977d2ab20077cb32c706826e7327f8f9d91ea
0x5dcda0210e23481b73f8b89a86f83c9d4ab835b4,391687284782661643,0.65,0x5dcda0210e23481b73f8b89a86f83c9d4ab835b4
0xbbe4cb92e2293c324c64ae535b6e1011d9df1422,868476308877873203,0.65,0xbbe4cb92e2293c324c64ae535b6e1011d9df1422
0x94b3f7871693b3675ba807edd43f6471902098c7,489292917639348224,0.65,0x94b3f7871693b3675ba807edd43f6471902098c7
0x4311b1b74d7149ae8d125a93209c406982375256,858095538515607562,0.65,0x4311b1b74d7149ae8d125a93209c406982375256
0x52aceebd18d104db45b341c39e721e8968769d16,804179020500959282,0.65,0x52aceebd18d104db45b341c39e721e8968769d16
0x370cb1fbb0074cd4408c28f86b9e229d3657c370,874209506618380289,0.65,0x370cb1fbb0074cd4408c28f86b9e229d3657c370
0x69309f8fea07b9898e06905f6140da5dea52a0b8,490537494928949249,0.65,0x69309f8fea07b9898e06905f6140da5dea52a0b8
0xa1551b4ad0d3f10591b9ba6605b39076a6ec4448,732985867563565110,0.65,0xa1551b4ad0d3f10591b9ba6605b39076a6ec4448
0x6e44f404159085e5e525e74836a13bfab6d7f9cf,232307003257520132,0.65,0x6e44f404159085e5e525e74836a13bfab6d7f9cf
0xedb4093d505ffc67d0c1f83e4cdbdf42a6c05571,894248831913431041,0.65,0xedb4093d505ffc67d0c1f83e4cdbdf42a6c05571
0x4237421329c751f1c327a5c720831bf63b3ac86b,790389262834073650,0.65,0x4237421329c751f1c327a5c720831bf63b3ac86b
0x4cacc1fa13168a350fd23d4681401511cc9a3666,836648546509127701,0.65,0x4cacc1fa13168a350fd23d4681401511cc9a3666
0x0bb9aed84aedaf55ef0b10c9b019fc9a932a2124,429093312666796049,0.65,0x0bb9aed84aedaf55ef0b10c9b019fc9a932a2124
0x7d52e51a4d2f3266a8e3156f1a3386c2a4e282c7,817359887200813086,0.65,0x7d52e51a4d2f3266a8e3156f1a3386c2a4e282c7
0x5cd9c32485e13d2d1a5908b735d36117d6146fe8,353879090639536128,0.7,0x5cd9c32485e13d2d1a5908b735d36117d6146fe8
0x302fe994fc4e7f030c26f4baed695900349b4aa9,849642720523583578,0.65,0x302fe994fc4e7f030c26f4baed695900349b4aa9
0xb75109d4e83aa90b32ea997a7619a5b5d3f0e24b,813762325416378391,0.65,0xb75109d4e83aa90b32ea997a7619a5b5d3f0e24b
0xbd6879e8ab1de04215897b5141a0b5e9776eb9e2,865937791846580265,0.65,0xbd6879e8ab1de04215897b5141a0b5e9776eb9e2
0xb556de2995ed031dbac37ff9c82afd2da50977d8,869033337342271538,0.65,0xb556de2995ed031dbac37ff9c82afd2da50977d8
0x01738de4f2b4bfa147bbb03edac075746a2eb3a8,894199160906076180,0.65,0x01738de4f2b4bfa147bbb03edac075746a2eb3a8
0x04629c870154d635ca0db904ea1bcae5e382a426,752614912349569146,0.65,0x04629c870154d635ca0db904ea1bcae5e382a426
0x02b9a4fe78ad4d099771b71f2ff85d299cfb9802,860135123725713419,0.65,0x02b9a4fe78ad4d099771b71f2ff85d299cfb9802
0x8ced28a69d69a6a0d24d25fb1b367fd302e9b0a9,870256341703331850,0.65,0x8ced28a69d69a6a0d24d25fb1b367fd302e9b0a9
0x161dbba23aebdef5c1a0ad8adccc98fb6b3f2015,546193812553465871,0.65,0x161dbba23aebdef5c1a0ad8adccc98fb6b3f2015
0xf84967b96c7cd1dc4ab7ea887a00a67b4ade4466,867164431884484649,0.65,0xf84967b96c7cd1dc4ab7ea887a00a67b4ade4466
0x53aeef5861d1cb2074ee6f1b0bc4d779d8066925,850023963941142570,0.65,0x53aeef5861d1cb2074ee6f1b0bc4d779d8066925
0xc78ab5c320ecf74b1055ab27b992a5a9d854c1cb,827935451217788928,0.65,0xc78ab5c320ecf74b1055ab27b992a5a9d854c1cb
0x3e6ae0edc75cb87890b09a6de890664d22243635,864406971591032832,0.65,0x3e6ae0edc75cb87890b09a6de890664d22243635
0xd352ce79cd748c3dc3548eb19ea7a67a748546ef,209670582294413312,0.65,0xd352ce79cd748c3dc3548eb19ea7a67a748546ef
0x33aa07cfe2ea013f523c81a1b3e62ad125bb57c0,728959069791977535,0.65,0x33aa07cfe2ea013f523c81a1b3e62ad125bb57c0
0x6be0157369ce976ce13b5b84adf899f5111283c0,543383999767379968,0.65,0x6be0157369ce976ce13b5b84adf899f5111283c0
0x5f43a424ef27cd1ef539f264d24be36f3a5cbf73,879731252104663140,0.75,0x5f43a424ef27cd1ef539f264d24be36f3a5cbf73
0xe93b4a2cb68f86e185a33587554cd1d7a3244c5a,875247390523789352,0.65,0xe93b4a2cb68f86e185a33587554cd1d7a3244c5a
0x906c0991461cb77f6c05d71caef8a724bac1c415,858203492694622228,0.65,0x906c0991461cb77f6c05d71caef8a724bac1c415
0x23545a1692b0d00524a9a50807bbf1b236231043,240403999185043457,0.65,0x23545a1692b0d00524a9a50807bbf1b236231043
0xa1fa389b53496985717617b29a1f8fef6bea2637,859762790990217216,0.65,0xa1fa389b53496985717617b29a1f8fef6bea2637
0xd397aa1c992f8f03a4c0afd42d6ca588ce4ddb81,340804354699296779,0.65,0xd397aa1c992f8f03a4c0afd42d6ca588ce4ddb81
0xcab1913f7b208e117d32bb0fe3dc0b90c3a1784d,548437594317389842,0.65,0xcab1913f7b208e117d32bb0fe3dc0b90c3a1784d
0x5f5b43c40013e77c522039222a43420da648b480,776221273026068501,0.65,0x5f5b43c40013e77c522039222a43420da648b480
0x9110d220554f7c0b9e5a97f0c4b7f3925fb1631c,857295904490782762,0.65,0x9110d220554f7c0b9e5a97f0c4b7f3925fb1631c
0x8a5d7b19ca4eb32ea9c14fedb2ffb9b5d269c960,772781608678850581,0.65,0x8a5d7b19ca4eb32ea9c14fedb2ffb9b5d269c960
0x11887c49be58eaa63fa9429fb1fda1383fb0c802,847759280999628822,0.65,0x11887c49be58eaa63fa9429fb1fda1383fb0c802
0xea4a891a4bf90c4552b105dff02f5922e27b8dbc,748159787782635521,0.65,0xea4a891a4bf90c4552b105dff02f5922e27b8dbc
0x77bb0b7f4505fcb0496983d14bf18e6cf9430726,869841794056224778,0.65,0x77bb0b7f4505fcb0496983d14bf18e6cf9430726
0x5bbf5ab47215d4dbdf1038988a1ed48514c317b1,871256374229737493,0.65,0x5bbf5ab47215d4dbdf1038988a1ed48514c317b1
0x9ddfa47fff1dfa7834e904f373466c5aacbc2074,751736670532927518,0.65,0x9ddfa47fff1dfa7834e904f373466c5aacbc2074
0x4b260e973c371ba32a65eeca4b2076855fb26606,887575602910076941,0.65,0x4b260e973c371ba32a65eeca4b2076855fb26606
0x18a812fd7ea005bf6c15298e4ac9e72eed330339,800807358845812766,0.65,0x18a812fd7ea005bf6c15298e4ac9e72eed330339
0x55caeef4de3810bcf4b71f418d22cdc72ca7e6e5,722463397811060796,0.85,0x55caeef4de3810bcf4b71f418d22cdc72ca7e6e5
0x0f5bd8025d0c4ba8a9d25dc16e130241a7962946,874008069909147698,0.65,0x0f5bd8025d0c4ba8a9d25dc16e130241a7962946
0x766ecc10af6e81e21dd6bdd2c148174d3d58b9f5,596933302976512019,0.85,0x766ecc10af6e81e21dd6bdd2c148174d3d58b9f5
0x7c4c4bd99fd75cc0ee57ec0aefdde48c4475b785,391272619065868289,0.65,0x7c4c4bd99fd75cc0ee57ec0aefdde48c4475b785
0x39bb0d1ffc87bb0d71706843a79097902317a37c,873714586262593586,0.65,0x39bb0d1ffc87bb0d71706843a79097902317a37c
0xede107c28e7f3c5931623a4b68626ea4ad09676f,775005113424019486,0.65,0xede107c28e7f3c5931623a4b68626ea4ad09676f
0x13b8389826e12265b3f4e9c74821fbdd58056f00,670589557497921536,0.65,0x13b8389826e12265b3f4e9c74821fbdd58056f00
0x084796a475a088b8cc278947254df98c74860b5c,429246647596351489,0.65,0x084796a475a088b8cc278947254df98c74860b5c
0x0ecf20cc86086909de4a726ff9d1b8fcdc687168,871413573430153257,0.65,0x0ecf20cc86086909de4a726ff9d1b8fcdc687168
0xbdac206ac54ab326fd60bd466437d413451b2fd6,873700233459159114,0.65,0xbdac206ac54ab326fd60bd466437d413451b2fd6
0x0f06a19973a9a0e7c7d69c5d7b1361f4bfe39be5,868388838228250654,0.65,0x0f06a19973a9a0e7c7d69c5d7b1361f4bfe39be5
0x024d4cad9d85366c686e7d87f9c476b84d5be85a,108664908769415168,0.65,0x024d4cad9d85366c686e7d87f9c476b84d5be85a
0x6e876a4d3c2bfdbab76807cfa392270292d1163b,877767941872046100,0.65,0x6e876a4d3c2bfdbab76807cfa392270292d1163b
0xa57c7826ba617926ce90ae0146fc70f33f768b72,879224324106625024,0.65,0xa57c7826ba617926ce90ae0146fc70f33f768b72
0x7c93684b824c93f2c427656f5b4146819b9da059,852781693222912011,0.65,0x7c93684b824c93f2c427656f5b4146819b9da059
0x53f993a439452316ff8f48655452ab2d28a35b3e,844990356898316329,0.65,0x53f993a439452316ff8f48655452ab2d28a35b3e
0x9ed8647ee549916635a0042c934123f1c239a1a7,801499593527132210,0.65,0x9ed8647ee549916635a0042c934123f1c239a1a7
0xa260e21a85b090336dcc8870f856251b075fa875,856712263598866472,0.65,0xa260e21a85b090336dcc8870f856251b075fa875
0xE2355e51a0747b71b9B4cD7EAD44BB264f1f0273,347186019860348928,1,0xE2355e51a0747b71b9B4cD7EAD44BB264f1f0273
0x7776d7e03506b321c17e2e812c8bd5ad87163536,349035763846873089,0.65,0x7776d7e03506b321c17e2e812c8bd5ad87163536
0x1330732b93b07ed25795ad1659bffd00e40fbca3,844346933476458506,0.65,0x1330732b93b07ed25795ad1659bffd00e40fbca3
0xeb89246fc0acb8fa2cdd79dd6a63a00549b0fae0,837884964182949938,0.65,0xeb89246fc0acb8fa2cdd79dd6a63a00549b0fae0
0xecd9596dfbfa5c54329e3829140752f45ee2cdb5,853379005180805141,0.65,0xecd9596dfbfa5c54329e3829140752f45ee2cdb5
0x560690298fad0d251736de661348beb504c28652,853034159076802570,0.65,0x560690298fad0d251736de661348beb504c28652
0xcdbdaee9e7cd5199c61b0aae6b713985b296a2a8,875574330594062396,0.65,0xcdbdaee9e7cd5199c61b0aae6b713985b296a2a8
0x8727d459cd3c989cd4cf6855cfa588ea76dd7a5e,882429368645857310,0.65,0x8727d459cd3c989cd4cf6855cfa588ea76dd7a5e
0x695a5943580234722a513baeabc9a8137d7c6c87,868113222446764032,0.65,0x695a5943580234722a513baeabc9a8137d7c6c87
0xb38c9bee485c65a8b7ac117a964d1f724f1e918c,861754175607275540,0.65,0xb38c9bee485c65a8b7ac117a964d1f724f1e918c
0xc2c845357cc819614f96552c2acf6df6177fed2d,870850647732416553,0.65,0xc2c845357cc819614f96552c2acf6df6177fed2d
0xf7446efb5db647de4c8fd00acb142e647250b14a,719517887068635206,0.65,0xf7446efb5db647de4c8fd00acb142e647250b14a
0x9401756c8893e746ceea4560ff50679c1dbef26c,863777607179173898,0.65,0x9401756c8893e746ceea4560ff50679c1dbef26c
0x9551a47b791c425c21f585c79eed4da79c94b02f,864708793510395944,0.65,0x9551a47b791c425c21f585c79eed4da79c94b02f
0x18e9e07f7904884cb6c4c3d5e32383f6738d2e70,890088887546961970,0.65,0x18e9e07f7904884cb6c4c3d5e32383f6738d2e70
0x769fc1f92af9ebffe538d89962ccda5bb0640048,878250545045962812,0.65,0x769fc1f92af9ebffe538d89962ccda5bb0640048
0x05c41fc430b001c95ea3c61f967d1ad754203092,579776185815531530,0.65,0x05c41fc430b001c95ea3c61f967d1ad754203092
0x3c0bc72be9ac1be3f8b63d39ffa1923df457dbf2,873885747172753428,0.65,0x3c0bc72be9ac1be3f8b63d39ffa1923df457dbf2
0x7edd5b27d8f7a4d93a4f43a05ebab43f74f28cfd,874910632821026827,0.65,0x7edd5b27d8f7a4d93a4f43a05ebab43f74f28cfd
0x438c4edcdba91a3316078cedb45e742f639431f2,873175394172403742,0.65,0x438c4edcdba91a3316078cedb45e742f639431f2
0xc4d00aa53e485532dad5a734e6bac6d3ba9de11a,651457821967253535,0.65,0xc4d00aa53e485532dad5a734e6bac6d3ba9de11a
0xc23c050ecf61116255501e00a4d1cb68e893351a,460421721082691614,0.65,0xc23c050ecf61116255501e00a4d1cb68e893351a
0x53649648fe787874f1db1a09022f27274e1a50f8,243556381859381259,0.65,0x53649648fe787874f1db1a09022f27274e1a50f8
0xb1f488b4dbc0adc6e57c22f3e4c0879a71c9dda0,861141685399846964,0.65,0xb1f488b4dbc0adc6e57c22f3e4c0879a71c9dda0
0x50555a964358f31e9f3f99aa80cc9d44d1c13a1a,760092805879824414,0.65,0x50555a964358f31e9f3f99aa80cc9d44d1c13a1a
0xec7d6c6eeb20a37f8f1b7bba6393b08761cc6659,870551758517190656,0.65,0xec7d6c6eeb20a37f8f1b7bba6393b08761cc6659
0x122dc10bec234b8aad43c04fdd36fc97b2be1d56,899442198855176212,0.65,0x122dc10bec234b8aad43c04fdd36fc97b2be1d56
0x011f914d15788008e2654df11ff1a55a1c2c30d7,894982573611188275,0.65,0x011f914d15788008e2654df11ff1a55a1c2c30d7
0x112176a409d80837a06bdbf59354be2f0ec9a41d,710748611800989726,0.65,0x112176a409d80837a06bdbf59354be2f0ec9a41d
0xa24c5cc3679757a3dc7179a384e47ff5f682efd2,476105933278150657,0.65,0xa24c5cc3679757a3dc7179a384e47ff5f682efd2
0x365d143e5ae2fe31a776c872476aa2af9d907195,877595320803033159,0.65,0x365d143e5ae2fe31a776c872476aa2af9d907195
0x9aa8842bf179dee2ff19d0ef9221041eff1fd141,715321808940695723,0.65,0x9aa8842bf179dee2ff19d0ef9221041eff1fd141
0x89f7effcf59cdbd274218a21ca8420aca511a59f,875183961234632774,0.65,0x89f7effcf59cdbd274218a21ca8420aca511a59f
0xb18de1bd13f5135239657421cc0cedc519a0fd18,896994006179913759,0.65,0xb18de1bd13f5135239657421cc0cedc519a0fd18
0xff00eace253de576a997f320cb17683b825530f3,805796283418804264,0.65,0xff00eace253de576a997f320cb17683b825530f3
0x37ee4e4790e76d0721189f5d2cc3420e5353836f,863933832595374131,0.65,0x37ee4e4790e76d0721189f5d2cc3420e5353836f
0x26d5be97956986900b1daf725b3891f269b5f7af,809033195264802896,0.65,0x26d5be97956986900b1daf725b3891f269b5f7af
0x44c5dee7048ee3c03a7c8127c0e963ad7ac5f4c1,757973814578642954,0.65,0x44c5dee7048ee3c03a7c8127c0e963ad7ac5f4c1
0x6f4ec08e69faa48646db68e681248828a23936c3,883199282457477130,0.65,0x6f4ec08e69faa48646db68e681248828a23936c3
0xafcc6a76d023345fd72105586783d4d2076bbe1c,899606613567098970,0.65,0xafcc6a76d023345fd72105586783d4d2076bbe1c
0xaa8ffcf59ee34cd0f4d9487b845d6ad98acd9d07,909775688448499712,0.65,0xaa8ffcf59ee34cd0f4d9487b845d6ad98acd9d07
0x7924c40d27fca5737393bee1590bbb1ed4661fc1,909077082242416640,0.65,0x7924c40d27fca5737393bee1590bbb1ed4661fc1
